{
    "name": "root",
    "gauges": {
        "SpaceShipBehavior.Policy.Entropy.mean": {
            "value": -1.5071957111358643,
            "min": -1.50776207447052,
            "max": 1.422295093536377,
            "count": 836
        },
        "SpaceShipBehavior.Policy.Entropy.sum": {
            "value": -15056.884765625,
            "min": -15229.8515625,
            "max": 14643.9501953125,
            "count": 836
        },
        "SpaceShipBehavior.Step.mean": {
            "value": 8359936.0,
            "min": 9982.0,
            "max": 8359936.0,
            "count": 836
        },
        "SpaceShipBehavior.Step.sum": {
            "value": 8359936.0,
            "min": 9982.0,
            "max": 8359936.0,
            "count": 836
        },
        "SpaceShipBehavior.Policy.ExtrinsicValueEstimate.mean": {
            "value": -0.12354420125484467,
            "min": -0.3941231071949005,
            "max": 0.05574234575033188,
            "count": 836
        },
        "SpaceShipBehavior.Policy.ExtrinsicValueEstimate.sum": {
            "value": -19.767072677612305,
            "min": -71.3362808227539,
            "max": 9.141744613647461,
            "count": 836
        },
        "SpaceShipBehavior.Losses.PolicyLoss.mean": {
            "value": 0.24478216804298839,
            "min": 0.23243716560123645,
            "max": 0.3287843250502015,
            "count": 836
        },
        "SpaceShipBehavior.Losses.PolicyLoss.sum": {
            "value": 18.11388043518114,
            "min": 14.537522997804697,
            "max": 24.33004005371491,
            "count": 836
        },
        "SpaceShipBehavior.Losses.ValueLoss.mean": {
            "value": 0.005977364309281888,
            "min": 0.0026056550532702117,
            "max": 0.14707506955927022,
            "count": 836
        },
        "SpaceShipBehavior.Losses.ValueLoss.sum": {
            "value": 0.4423249588868597,
            "min": 0.1806130327036027,
            "max": 11.324780356063807,
            "count": 836
        },
        "SpaceShipBehavior.Policy.LearningRate.mean": {
            "value": 4.9345586389336884e-05,
            "min": 4.9345586389336884e-05,
            "max": 0.0002998241240586253,
            "count": 836
        },
        "SpaceShipBehavior.Policy.LearningRate.sum": {
            "value": 0.0036515733928109296,
            "min": 0.0034085827638074997,
            "max": 0.0229728588423804,
            "count": 836
        },
        "SpaceShipBehavior.Policy.Epsilon.mean": {
            "value": 0.11644850094594594,
            "min": 0.11644850094594594,
            "max": 0.1999413746666667,
            "count": 836
        },
        "SpaceShipBehavior.Policy.Epsilon.sum": {
            "value": 8.61718907,
            "min": 7.5361925,
            "max": 15.4167102,
            "count": 836
        },
        "SpaceShipBehavior.Policy.Beta.mean": {
            "value": 0.0005000000000000001,
            "min": 0.0005,
            "max": 0.0005000000000000001,
            "count": 836
        },
        "SpaceShipBehavior.Policy.Beta.sum": {
            "value": 0.037000000000000005,
            "min": 0.030000000000000002,
            "max": 0.03950000000000001,
            "count": 836
        },
        "SpaceShipBehavior.Environment.EpisodeLength.mean": {
            "value": 610.0909090909091,
            "min": 206.28,
            "max": 1351.8333333333333,
            "count": 836
        },
        "SpaceShipBehavior.Environment.EpisodeLength.sum": {
            "value": 6711.0,
            "min": 4513.0,
            "max": 16697.0,
            "count": 836
        },
        "SpaceShipBehavior.Environment.CumulativeReward.mean": {
            "value": -1.0727273185144772,
            "min": -1.1600000470876695,
            "max": -0.2000000224663661,
            "count": 836
        },
        "SpaceShipBehavior.Environment.CumulativeReward.sum": {
            "value": -11.800000503659248,
            "min": -46.8000016361475,
            "max": -2.6000002920627594,
            "count": 836
        },
        "SpaceShipBehavior.Policy.ExtrinsicReward.mean": {
            "value": -1.0727273185144772,
            "min": -1.1600000470876695,
            "max": -0.2000000224663661,
            "count": 836
        },
        "SpaceShipBehavior.Policy.ExtrinsicReward.sum": {
            "value": -11.800000503659248,
            "min": -46.8000016361475,
            "max": -2.6000002920627594,
            "count": 836
        },
        "SpaceShipBehavior.IsTraining.mean": {
            "value": 1.0,
            "min": 1.0,
            "max": 1.0,
            "count": 836
        },
        "SpaceShipBehavior.IsTraining.sum": {
            "value": 1.0,
            "min": 1.0,
            "max": 1.0,
            "count": 836
        }
    },
    "metadata": {
        "timer_format_version": "0.1.0",
        "start_time_seconds": "1688259931",
        "python_version": "3.7.0 (v3.7.0:1bf9cc5093, Jun 27 2018, 04:59:51) [MSC v.1914 64 bit (AMD64)]",
        "command_line_arguments": "C:\\Users\\mateu\\Documents\\GitHub\\ML-Agents-Space-Ship\\venv\\Scripts\\mlagents-learn --run-id=SpaceShipNormalizedTest2 config\\spaceShipBehavior.yaml --force",
        "mlagents_version": "0.28.0",
        "mlagents_envs_version": "0.28.0",
        "communication_protocol_version": "1.5.0",
        "pytorch_version": "1.7.1+cu110",
        "numpy_version": "1.21.6",
        "end_time_seconds": "1688281311"
    },
    "total": 21379.444871,
    "count": 1,
    "self": 0.0030210999975679442,
    "children": {
        "run_training.setup": {
            "total": 0.05246700000000004,
            "count": 1,
            "self": 0.05246700000000004
        },
        "TrainerController.start_learning": {
            "total": 21379.3893829,
            "count": 1,
            "self": 12.931013599187281,
            "children": {
                "TrainerController._reset_env": {
                    "total": 4.6490579,
                    "count": 1,
                    "self": 4.6490579
                },
                "TrainerController.advance": {
                    "total": 21361.779527500814,
                    "count": 940861,
                    "self": 11.45089290078613,
                    "children": {
                        "env_step": {
                            "total": 6769.242131000068,
                            "count": 940861,
                            "self": 5202.170017099506,
                            "children": {
                                "SubprocessEnvManager._take_step": {
                                    "total": 1559.5491424012453,
                                    "count": 940861,
                                    "self": 40.519331100597356,
                                    "children": {
                                        "TorchPolicy.evaluate": {
                                            "total": 1519.029811300648,
                                            "count": 930027,
                                            "self": 751.8572716009267,
                                            "children": {
                                                "TorchPolicy.sample_actions": {
                                                    "total": 767.1725396997213,
                                                    "count": 930027,
                                                    "self": 767.1725396997213
                                                }
                                            }
                                        }
                                    }
                                },
                                "workers": {
                                    "total": 7.522971499316426,
                                    "count": 940860,
                                    "self": 0.0,