{
    "name": "root",
    "metadata": {
        "timer_format_version": "0.1.0",
        "start_time_seconds": "1688300217",
        "python_version": "3.7.0 (v3.7.0:1bf9cc5093, Jun 27 2018, 04:59:51) [MSC v.1914 64 bit (AMD64)]",
        "command_line_arguments": "C:\\Users\\mateu\\Documents\\GitHub\\ML-Agents-Space-Ship\\venv\\Scripts\\mlagents-learn --run-id=SpaceShipNormalizedDiscreteTest3 config\\spaceShipBehavior.yaml",
        "mlagents_version": "0.28.0",
        "mlagents_envs_version": "0.28.0",
        "communication_protocol_version": "1.5.0",
        "pytorch_version": "1.7.1+cu110",
        "numpy_version": "1.21.6",
        "end_time_seconds": "1688300302"
    },
    "total": 84.5340836,
    "count": 1,
    "self": 0.003104000000007545,
    "children": {
        "run_training.setup": {
            "total": 0.05407470000000003,
            "count": 1,
            "self": 0.05407470000000003
        },
        "TrainerController.start_learning": {
            "total": 84.4769049,
            "count": 1,
            "self": 0.010495499999976232,
            "children": {
                "TrainerController._reset_env": {
                    "total": 5.750157,
                    "count": 1,
                    "self": 5.750157
                },
                "TrainerController.advance": {
                    "total": 78.661026,
                    "count": 611,
                    "self": 0.008360100000061266,
                    "children": {
                        "env_step": {
                            "total": 68.4312882,
                            "count": 611,
                            "self": 66.39289710000004,
                            "children": {
                                "SubprocessEnvManager._take_step": {
                                    "total": 2.032895399999976,
                                    "count": 611,
                                    "self": 0.025665899999991026,
                                    "children": {
                                        "TorchPolicy.evaluate": {
                                            "total": 2.007229499999985,
                                            "count": 567,
                                            "self": 0.46654529999999905,
                                            "children": {
                                                "TorchPolicy.sample_actions": {
                                                    "total": 1.540684199999986,
                                                    "count": 567,
                                                    "self": 1.540684199999986
                                                }
                                            }
                                        }
                                    }
                                },
                                "workers": {
                                    "total": 0.005495699999975123,
                                    "count": 610,
                                    "self": 0.0,
                                    "children": {
                                        "worker_root": {
                                            "total": 18.744705200000013,
                                            "count": 610,
                                            "is_parallel": true,
                                            "self": 13.662287100000027,
                                            "children": {
                                                "steps_from_proto": {
                                                    "total": 0.0003229999999998512,
                                                    "count": 1,
                                                    "is_parallel": true,
                                                    "self": 0.00015460000000011576,
                                                    "children": {
                                                        "_process_rank_one_or_two_observation": {
                                                            "total": 0.00016839999999973543,
                                                            "count": 2,
                                                            "is_parallel": true,
                                                            "self": 0.00016839999999973543
                                                        }
                                                    }
                                                },
                                                "UnityEnvironment.step": {
                                                    "total": 5.082095099999986,
                                                    "count": 610,
                                                    "is_parallel": true,
                                                    "self": 0.04964009999999597,
                                                    "children": {
                                                        "UnityEnvironment._generate_step_input": {
                                                            "total": 0.0535699000000287,
                                                            "count": 610,
                                                            "is_parallel": true,
                                                            "self": 0.0535699000000287
                                                        },
                                                        "communicator.exchange": {
                                                            "total": 4.82514410000002,
                                                            "count": 610,
                                                            "is_parallel": true,
                                                            "self": 4.82514410000002
                                                        },
                                                        "steps_from_proto": {
                                                            "total": 0.1537409999999415,
                                                            "count": 610,
                                                            "is_parallel": true,
                                                            "self": 0.07851969999993713,
                                                            "children": {
                                                                "_process_rank_one_or_two_observation": {
                                                                    "total": 0.07522130000000438,
                                                                    "count": 1220,
                                                                    "is_parallel": true,
                                                                    "self": 0.07522130000000438
                                                                }
                                                            }
                                                        }
                                                    }
                                                }
                                            }
                                        }
                                    }
                                }
                            }
                        },
                        "trainer_advance": {
                            "total": 10.221377699999948,
                            "count": 610,
                            "self": 0.015056099999910089,
                            "children": {
                                "process_trajectory": {
                                    "total": 0.32114150000002883,
                                    "count": 610,
                                    "self": 0.32114150000002883
                                },