{
    "name": "root",
    "gauges": {
        "SpaceShipBehavior.Policy.Entropy.mean": {
            "value": 0.617257833480835,
            "min": 0.617257833480835,
            "max": 1.2014397382736206,
            "count": 34
        },
        "SpaceShipBehavior.Policy.Entropy.sum": {
            "value": 6110.8525390625,
            "min": 6110.8525390625,
            "max": 12424.087890625,
            "count": 34
        },
        "SpaceShipBehavior.Step.mean": {
            "value": 839941.0,
            "min": 509990.0,
            "max": 839941.0,
            "count": 34
        },
        "SpaceShipBehavior.Step.sum": {
            "value": 839941.0,
            "min": 509990.0,
            "max": 839941.0,
            "count": 34
        },
        "SpaceShipBehavior.Policy.ExtrinsicValueEstimate.mean": {
            "value": -0.6736496090888977,
            "min": -0.7804772257804871,
            "max": -0.5106961131095886,
            "count": 34
        },
        "SpaceShipBehavior.Policy.ExtrinsicValueEstimate.sum": {
            "value": -124.62517547607422,
            "min": -155.31497192382812,
            "max": -93.56249237060547,
            "count": 34
        },
        "SpaceShipBehavior.Losses.PolicyLoss.mean": {
            "value": 0.2517392931426926,
            "min": 0.23890026864880576,
            "max": 0.2517851315424787,
            "count": 34
        },
        "SpaceShipBehavior.Losses.PolicyLoss.sum": {
            "value": 18.880446985701948,
            "min": 14.368278679285345,
            "max": 19.239739272358722,
            "count": 34
        },
        "SpaceShipBehavior.Losses.ValueLoss.mean": {
            "value": 0.028609480692806808,
            "min": 0.025169268676359408,
            "max": 0.04148962099006414,
            "count": 34
        },
        "SpaceShipBehavior.Losses.ValueLoss.sum": {
            "value": 2.1457110519605105,
            "min": 1.484986851905205,
            "max": 3.194700816234939,
            "count": 34
        },
        "SpaceShipBehavior.Policy.LearningRate.mean": {
            "value": 0.0002749508715497122,
            "min": 0.0002749508715497122,
            "max": 0.0002848247582787546,
            "count": 34
        },
        "SpaceShipBehavior.Policy.LearningRate.sum": {
            "value": 0.020621315366228417,
            "min": 0.01680466073844652,
            "max": 0.022030935906354854,
            "count": 34
        },
        "SpaceShipBehavior.Policy.Epsilon.mean": {
            "value": 0.19165028773333334,
            "min": 0.19165028773333334,
            "max": 0.19494158440677967,
            "count": 34
        },
        "SpaceShipBehavior.Policy.Epsilon.sum": {
            "value": 14.37377158,
            "min": 11.50155348,
            "max": 15.143645150000001,
            "count": 34
        },
        "SpaceShipBehavior.Policy.Beta.mean": {
            "value": 0.0005000000000000001,
            "min": 0.0005,
            "max": 0.0005000000000000001,
            "count": 34
        },
        "SpaceShipBehavior.Policy.Beta.sum": {
            "value": 0.037500000000000006,
            "min": 0.029500000000000002,
            "max": 0.03900000000000001,
            "count": 34
        },
        "SpaceShipBehavior.Environment.EpisodeLength.mean": {
            "value": 140.26153846153846,
            "min": 113.67032967032966,
            "max": 185.60714285714286,
            "count": 34
        },
        "SpaceShipBehavior.Environment.EpisodeLength.sum": {
            "value": 9117.0,
            "min": 9044.0,
            "max": 10728.0,
            "count": 34
        },
        "SpaceShipBehavior.Environment.CumulativeReward.mean": {
            "value": -1.1902769486348217,
            "min": -1.3062467732793326,
            "max": -0.9777500308118761,
            "count": 34
        },
        "SpaceShipBehavior.Environment.CumulativeReward.sum": {
            "value": -77.3680016612634,
            "min": -110.35400290135294,
            "max": -54.74000170547515,
            "count": 34
        },
        "SpaceShipBehavior.Policy.ExtrinsicReward.mean": {
            "value": -1.1902769486348217,
            "min": -1.3062467732793326,
            "max": -0.9777500308118761,
            "count": 34
        },
        "SpaceShipBehavior.Policy.ExtrinsicReward.sum": {
            "value": -77.3680016612634,
            "min": -110.35400290135294,
            "max": -54.74000170547515,
            "count": 34
        },
        "SpaceShipBehavior.IsTraining.mean": {
            "value": 1.0,
            "min": 1.0,
            "max": 1.0,
            "count": 34
        },
        "SpaceShipBehavior.IsTraining.sum": {
            "value": 1.0,
            "min": 1.0,
            "max": 1.0,
            "count": 34
        }
    },
    "metadata": {
        "timer_format_version": "0.1.0",
        "start_time_seconds": "1688233157",
        "python_version": "3.7.0 (v3.7.0:1bf9cc5093, Jun 27 2018, 04:59:51) [MSC v.1914 64 bit (AMD64)]",
        "command_line_arguments": "C:\\Users\\mateu\\Documents\\GitHub\\ML-Agents-Space-Ship\\venv\\Scripts\\mlagents-learn --run-id=SpaceShipTest1 config\\spaceShipBehavior.yaml --resume",
        "mlagents_version": "0.28.0",
        "mlagents_envs_version": "0.28.0",
        "communication_protocol_version": "1.5.0",
        "pytorch_version": "1.7.1+cu110",
        "numpy_version": "1.21.6",
        "end_time_seconds": "1688234020"
    },
    "total": 862.7370994,
    "count": 1,
    "self": 0.0031932000000551852,
    "children": {
        "run_training.setup": {
            "total": 0.04976500000000006,
            "count": 1,
            "self": 0.04976500000000006
        },
        "TrainerController.start_learning": {
            "total": 862.6841412,
            "count": 1,
            "self": 0.5616603000067926,
            "children": {
                "TrainerController._reset_env": {
                    "total": 5.950550300000001,
                    "count": 1,
                    "self": 5.950550300000001
                },
                "TrainerController.advance": {
                    "total": 856.1354329999932,
                    "count": 39869,
                    "self": 0.47127960000011626,
                    "children": {
                        "env_step": {
                            "total": 278.8548088999937,
                            "count": 39869,
                            "self": 216.26679390000163,
                            "children": {
                                "SubprocessEnvManager._take_step": {
                                    "total": 62.27220809999362,
                                    "count": 39869,
                                    "self": 1.6742415999973872,
                                    "children": {
                                        "TorchPolicy.evaluate": {
                                            "total": 60.59796649999623,
                                            "count": 38351,
                                            "self": 30.008946299998414,
                                            "children": {
                                                "TorchPolicy.sample_actions": {
                                                    "total": 30.58902019999782,
                                                    "count": 38351,
                                                    "self": 30.58902019999782
                                                }
                                            }
                                        }
                                    }
                                },
                                "workers": {
                                    "total": 0.3158068999984627,
                                    "count": 39868,
                                    "self": 0.0,