{
    "name": "root",
    "gauges": {
        "SpaceShipBehavior.Policy.Entropy.mean": {
            "value": -0.5264524221420288,
            "min": -0.526649534702301,
            "max": 1.414867877960205,
            "count": 111
        },
        "SpaceShipBehavior.Policy.Entropy.sum": {
            "value": -5211.87890625,
            "min": -5211.87890625,
            "max": 14669.349609375,
            "count": 111
        },
        "SpaceShipBehavior.Step.mean": {
            "value": 1109957.0,
            "min": 9983.0,
            "max": 1109957.0,
            "count": 111
        },
        "SpaceShipBehavior.Step.sum": {
            "value": 1109957.0,
            "min": 9983.0,
            "max": 1109957.0,
            "count": 111
        },
        "SpaceShipBehavior.Policy.ExtrinsicValueEstimate.mean": {
            "value": -0.06437987089157104,
            "min": -0.43115559220314026,
            "max": -0.019025009125471115,
            "count": 111
        },
        "SpaceShipBehavior.Policy.ExtrinsicValueEstimate.sum": {
            "value": -10.107640266418457,
            "min": -70.70951843261719,
            "max": -2.986926555633545,
            "count": 111
        },
        "SpaceShipBehavior.Losses.PolicyLoss.mean": {
            "value": 0.25326246222809995,
            "min": 0.23363045651610548,
            "max": 0.25326246222809995,
            "count": 111
        },
        "SpaceShipBehavior.Losses.PolicyLoss.sum": {
            "value": 17.475109893738896,
            "min": 4.993914446486358,
            "max": 19.729160986889465,
            "count": 111
        },
        "SpaceShipBehavior.Losses.ValueLoss.mean": {
            "value": 0.003697803637084587,
            "min": 2.8155382229336018e-06,
            "max": 0.043603957414966844,
            "count": 111
        },
        "SpaceShipBehavior.Losses.ValueLoss.sum": {
            "value": 0.2551484509588365,
            "min": 0.0001942721373824185,
            "max": 2.6544792224135882,
            "count": 111
        },
        "SpaceShipBehavior.Policy.LearningRate.mean": {
            "value": 0.00026685133365825475,
            "min": 0.00026685133365825475,
            "max": 0.0002998081000639667,
            "count": 111
        },
        "SpaceShipBehavior.Policy.LearningRate.sum": {
            "value": 0.018412742022419576,
            "min": 0.00563717376094212,
            "max": 0.02297719647093459,
            "count": 111
        },
        "SpaceShipBehavior.Policy.Epsilon.mean": {
            "value": 0.18895044086956522,
            "min": 0.18895044086956522,
            "max": 0.19993603333333335,
            "count": 111
        },
        "SpaceShipBehavior.Policy.Epsilon.sum": {
            "value": 13.037580420000001,
            "min": 3.8790578800000004,
            "max": 15.559065410000002,
            "count": 111
        },
        "SpaceShipBehavior.Policy.Beta.mean": {
            "value": 0.0005,
            "min": 0.0005,
            "max": 0.0005000000000000001,
            "count": 111
        },
        "SpaceShipBehavior.Policy.Beta.sum": {
            "value": 0.0345,
            "min": 0.010000000000000002,
            "max": 0.03950000000000001,
            "count": 111
        },
        "SpaceShipBehavior.Environment.EpisodeLength.mean": {
            "value": 3040.5,
            "min": 356.0,
            "max": 7106.0,
            "count": 100
        },
        "SpaceShipBehavior.Environment.EpisodeLength.sum": {
            "value": 6081.0,
            "min": 356.0,
            "max": 60925.0,
            "count": 100
        },
        "SpaceShipBehavior.Environment.CumulativeReward.mean": {
            "value": -2.611500005237758,
            "min": -3.8850000370293856,
            "max": -0.10461538526802681,
            "count": 100
        },
        "SpaceShipBehavior.Environment.CumulativeReward.sum": {
            "value": -5.223000010475516,
            "min": -49.27600030787289,
            "max": -1.3070000857114792,
            "count": 100
        },
        "SpaceShipBehavior.Policy.ExtrinsicReward.mean": {
            "value": -2.611500005237758,
            "min": -3.8850000370293856,
            "max": -0.10461538526802681,
            "count": 100
        },
        "SpaceShipBehavior.Policy.ExtrinsicReward.sum": {
            "value": -5.223000010475516,
            "min": -49.27600030787289,
            "max": -1.3070000857114792,
            "count": 100
        },
        "SpaceShipBehavior.IsTraining.mean": {
            "value": 1.0,
            "min": 1.0,
            "max": 1.0,
            "count": 111
        },
        "SpaceShipBehavior.IsTraining.sum": {
            "value": 1.0,
            "min": 1.0,
            "max": 1.0,
            "count": 111
        }
    },
    "metadata": {
        "timer_format_version": "0.1.0",
        "start_time_seconds": "1688288243",
        "python_version": "3.7.0 (v3.7.0:1bf9cc5093, Jun 27 2018, 04:59:51) [MSC v.1914 64 bit (AMD64)]",
        "command_line_arguments": "C:\\Users\\mateu\\Documents\\GitHub\\ML-Agents-Space-Ship\\venv\\Scripts\\mlagents-learn --run-id=SpaceShipNormalizedFlatTest3 config\\spaceShipBehavior.yaml",
        "mlagents_version": "0.28.0",
        "mlagents_envs_version": "0.28.0",
        "communication_protocol_version": "1.5.0",
        "pytorch_version": "1.7.1+cu110",
        "numpy_version": "1.21.6",
        "end_time_seconds": "1688291480"
    },
    "total": 3237.0411444,
    "count": 1,
    "self": 0.003390000000308646,
    "children": {
        "run_training.setup": {
            "total": 0.05052420000000002,
            "count": 1,
            "self": 0.05052420000000002
        },
        "TrainerController.start_learning": {
            "total": 3236.9872302,
            "count": 1,
            "self": 1.897225599979265,
            "children": {
                "TrainerController._reset_env": {
                    "total": 7.0282645,
                    "count": 1,
                    "self": 7.0282645
                },
                "TrainerController.advance": {
                    "total": 3228.0345588000205,
                    "count": 124717,
                    "self": 1.7588086999608095,
                    "children": {
                        "env_step": {
                            "total": 1279.9936033999963,
                            "count": 124717,
                            "self": 1068.7464417998992,
                            "children": {
                                "SubprocessEnvManager._take_step": {
                                    "total": 210.16016040007105,
                                    "count": 124719,
                                    "self": 5.865785800097257,
                                    "children": {
                                        "TorchPolicy.evaluate": {
                                            "total": 204.2943745999738,
                                            "count": 123852,
                                            "self": 96.02930409999053,
                                            "children": {
                                                "TorchPolicy.sample_actions": {
                                                    "total": 108.26507049998327,
                                                    "count": 123852,
                                                    "self": 108.26507049998327
                                                }
                                            }
                                        }
                                    }
                                },
                                "workers": {
                                    "total": 1.0870012000260374,
                                    "count": 124716,
                                    "self": 0.0,