{
    "name": "root",
    "gauges": {
        "SpaceShipBehavior.Policy.Entropy.mean": {
            "value": -2.447159767150879,
            "min": -2.46785044670105,
            "max": 1.4273990392684937,
            "count": 531
        },
        "SpaceShipBehavior.Policy.Entropy.sum": {
            "value": -24425.1015625,
            "min": -24816.314453125,
            "max": 14632.267578125,
            "count": 531
        },
        "SpaceShipBehavior.Step.mean": {
            "value": 5309948.0,
            "min": 9969.0,
            "max": 5309948.0,
            "count": 531
        },
        "SpaceShipBehavior.Step.sum": {
            "value": 5309948.0,
            "min": 9969.0,
            "max": 5309948.0,
            "count": 531
        },
        "SpaceShipBehavior.Policy.ExtrinsicValueEstimate.mean": {
            "value": -0.26770249009132385,
            "min": -0.711814820766449,
            "max": -0.14326463639736176,
            "count": 531
        },
        "SpaceShipBehavior.Policy.ExtrinsicValueEstimate.sum": {
            "value": -45.509422302246094,
            "min": -136.7424774169922,
            "max": -23.925193786621094,
            "count": 531
        },
        "SpaceShipBehavior.Losses.PolicyLoss.mean": {
            "value": 0.24454541991782122,
            "min": 0.23352942679013144,
            "max": 0.25715981807382116,
            "count": 531
        },
        "SpaceShipBehavior.Losses.PolicyLoss.sum": {
            "value": 18.34090649383659,
            "min": 15.124463984116304,
            "max": 19.715225323671866,
            "count": 531
        },
        "SpaceShipBehavior.Losses.ValueLoss.mean": {
            "value": 0.008327883858398664,
            "min": 0.006648113248014636,
            "max": 0.048773167048980035,
            "count": 531
        },
        "SpaceShipBehavior.Losses.ValueLoss.sum": {
            "value": 0.6245912893798998,
            "min": 0.5052566068491123,
            "max": 3.6092143616245225,
            "count": 531
        },
        "SpaceShipBehavior.Policy.LearningRate.mean": {
            "value": 0.00014085139624955226,
            "min": 0.00014085139624955226,
            "max": 0.00029983739550874696,
            "count": 531
        },
        "SpaceShipBehavior.Policy.LearningRate.sum": {
            "value": 0.01056385471871642,
            "min": 0.008921340066221018,
            "max": 0.02330885686038109,
            "count": 531
        },
        "SpaceShipBehavior.Policy.Epsilon.mean": {
            "value": 0.14695044773333335,
            "min": 0.14695044773333335,
            "max": 0.1999457984848485,
            "count": 531
        },
        "SpaceShipBehavior.Policy.Epsilon.sum": {
            "value": 11.02128358,
            "min": 9.073778979999998,
            "max": 15.66961891,
            "count": 531
        },
        "SpaceShipBehavior.Policy.Beta.mean": {
            "value": 0.0005000000000000001,
            "min": 0.0005,
            "max": 0.0005000000000000001,
            "count": 531
        },
        "SpaceShipBehavior.Policy.Beta.sum": {
            "value": 0.037500000000000006,
            "min": 0.030500000000000006,
            "max": 0.03950000000000001,
            "count": 531
        },
        "SpaceShipBehavior.Environment.EpisodeLength.mean": {
            "value": 418.8076923076923,
            "min": 168.52631578947367,
            "max": 635.3157894736842,
            "count": 531
        },
        "SpaceShipBehavior.Environment.EpisodeLength.sum": {
            "value": 10889.0,
            "min": 5505.0,
            "max": 13588.0,
            "count": 531
        },
        "SpaceShipBehavior.Environment.CumulativeReward.mean": {
            "value": -1.0230769664049149,
            "min": -1.4586207106195648,
            "max": -0.6000000312924385,
            "count": 531
        },
        "SpaceShipBehavior.Environment.CumulativeReward.sum": {
            "value": -26.600001126527786,
            "min": -84.60000121593475,
            "max": -11.600000515580177,
            "count": 531
        },
        "SpaceShipBehavior.Policy.ExtrinsicReward.mean": {
            "value": -1.0230769664049149,
            "min": -1.4586207106195648,
            "max": -0.6000000312924385,
            "count": 531
        },
        "SpaceShipBehavior.Policy.ExtrinsicReward.sum": {
            "value": -26.600001126527786,
            "min": -84.60000121593475,
            "max": -11.600000515580177,
            "count": 531
        },
        "SpaceShipBehavior.IsTraining.mean": {
            "value": 1.0,
            "min": 1.0,
            "max": 1.0,
            "count": 531
        },
        "SpaceShipBehavior.IsTraining.sum": {
            "value": 1.0,
            "min": 1.0,
            "max": 1.0,
            "count": 531
        }
    },
    "metadata": {
        "timer_format_version": "0.1.0",
        "start_time_seconds": "1688245110",
        "python_version": "3.7.0 (v3.7.0:1bf9cc5093, Jun 27 2018, 04:59:51) [MSC v.1914 64 bit (AMD64)]",
        "command_line_arguments": "C:\\Users\\mateu\\Documents\\GitHub\\ML-Agents-Space-Ship\\venv\\Scripts\\mlagents-learn --run-id=SpaceShipNormalizedTest config\\spaceShipBehavior.yaml",
        "mlagents_version": "0.28.0",
        "mlagents_envs_version": "0.28.0",
        "communication_protocol_version": "1.5.0",
        "pytorch_version": "1.7.1+cu110",
        "numpy_version": "1.21.6",
        "end_time_seconds": "1688258584"
    },
    "total": 13474.1799933,
    "count": 1,
    "self": 0.0033606999986659503,
    "children": {
        "run_training.setup": {
            "total": 0.06564140000000007,
            "count": 1,
            "self": 0.06564140000000007
        },
        "TrainerController.start_learning": {
            "total": 13474.110991200001,
            "count": 1,
            "self": 9.29613520008752,
            "children": {
                "TrainerController._reset_env": {
                    "total": 6.6838682,
                    "count": 1,
                    "self": 6.6838682
                },
                "TrainerController.advance": {
                    "total": 13458.100856099914,
                    "count": 601179,
                    "self": 8.318961699589636,
                    "children": {
                        "env_step": {
                            "total": 4258.373808800177,
                            "count": 601179,
                            "self": 3259.5056105007766,
                            "children": {
                                "SubprocessEnvManager._take_step": {
                                    "total": 993.8650502000187,
                                    "count": 601180,
                                    "self": 27.48171230008279,
                                    "children": {
                                        "TorchPolicy.evaluate": {
                                            "total": 966.3833378999359,
                                            "count": 590362,
                                            "self": 491.34225359917235,
                                            "children": {
                                                "TorchPolicy.sample_actions": {
                                                    "total": 475.04108430076354,
                                                    "count": 590362,
                                                    "self": 475.04108430076354
                                                }
                                            }
                                        }
                                    }
                                },
                                "workers": {
                                    "total": 5.003148099381949,
                                    "count": 601178,
                                    "self": 0.0,