{
    "name": "root",
    "gauges": {
        "MoveToGoal.Policy.Entropy.mean": {
            "value": 1.4553604125976562,
            "min": 1.4441479444503784,
            "max": 1.4553604125976562,
            "count": 5
        },
        "MoveToGoal.Policy.Entropy.sum": {
            "value": 14408.068359375,
            "min": 12130.275390625,
            "max": 14669.4375,
            "count": 5
        },
        "MoveToGoal.Environment.EpisodeLength.mean": {
            "value": 56.87356321839081,
            "min": 56.87356321839081,
            "max": 78.3587786259542,
            "count": 5
        },
        "MoveToGoal.Environment.EpisodeLength.sum": {
            "value": 9896.0,
            "min": 7343.0,
            "max": 10265.0,
            "count": 5
        },
        "MoveToGoal.Step.mean": {
            "value": 79996.0,
            "min": 39945.0,
            "max": 79996.0,
            "count": 5
        },
        "MoveToGoal.Step.sum": {
            "value": 79996.0,
            "min": 39945.0,
            "max": 79996.0,
            "count": 5
        },
        "MoveToGoal.Policy.ExtrinsicValueEstimate.mean": {
            "value": 0.49689048528671265,
            "min": 0.051413942128419876,
            "max": 0.5002670288085938,
            "count": 5
        },
        "MoveToGoal.Policy.ExtrinsicValueEstimate.sum": {
            "value": 134.16043090820312,
            "min": 9.768649101257324,
            "max": 134.16043090820312,
            "count": 5
        },
        "MoveToGoal.Environment.CumulativeReward.mean": {
            "value": 0.7714285714285715,
            "min": -0.05319148936170213,
            "max": 0.7714285714285715,
            "count": 5
        },
        "MoveToGoal.Environment.CumulativeReward.sum": {
            "value": 135.0,
            "min": -5.0,
            "max": 135.0,
            "count": 5
        },
        "MoveToGoal.Policy.ExtrinsicReward.mean": {
            "value": 0.7714285714285715,
            "min": -0.05319148936170213,
            "max": 0.7714285714285715,
            "count": 5
        },
        "MoveToGoal.Policy.ExtrinsicReward.sum": {
            "value": 135.0,
            "min": -5.0,
            "max": 135.0,
            "count": 5
        },
        "MoveToGoal.Losses.PolicyLoss.mean": {
            "value": 0.24179248937200745,
            "min": 0.24179248937200745,
            "max": 0.2507789999610179,
            "count": 5
        },
        "MoveToGoal.Losses.PolicyLoss.sum": {
            "value": 18.618021681644574,
            "min": 14.408850180975906,
            "max": 19.527427453417662,
            "count": 5
        },
        "MoveToGoal.Losses.ValueLoss.mean": {
            "value": 0.029333653070641955,
            "min": 0.029333653070641955,
            "max": 0.053798801603716355,
            "count": 5
        },
        "MoveToGoal.Losses.ValueLoss.sum": {
            "value": 2.2586912864394306,
            "min": 2.2586912864394306,
            "max": 4.088708921882443,
            "count": 5
        },
        "MoveToGoal.Policy.LearningRate.mean": {
            "value": 0.0002550087890230493,
            "min": 0.0002550087890230493,
            "max": 0.0002783398343387017,
            "count": 5
        },
        "MoveToGoal.Policy.LearningRate.sum": {
            "value": 0.019635676754774796,
            "min": 0.0164220502259834,
            "max": 0.0215684263105248,
            "count": 5
        },
        "MoveToGoal.Policy.Epsilon.mean": {
            "value": 0.1850029246753247,
            "min": 0.1850029246753247,
            "max": 0.19277994237288137,
            "count": 5
        },
        "MoveToGoal.Policy.Epsilon.sum": {
            "value": 14.245225200000002,
            "min": 11.374016600000001,
            "max": 15.0894752,
            "count": 5
        },
        "MoveToGoal.Policy.Beta.mean": {
            "value": 0.0005000000000000001,
            "min": 0.0005000000000000001,
            "max": 0.0005000000000000001,
            "count": 5
        },
        "MoveToGoal.Policy.Beta.sum": {
            "value": 0.038500000000000006,
            "min": 0.029500000000000005,
            "max": 0.03950000000000001,
            "count": 5
        },
        "MoveToGoal.IsTraining.mean": {
            "value": 1.0,
            "min": 1.0,
            "max": 1.0,
            "count": 5
        },
        "MoveToGoal.IsTraining.sum": {
            "value": 1.0,
            "min": 1.0,
            "max": 1.0,
            "count": 5
        }
    },
    "metadata": {
        "timer_format_version": "0.1.0",
        "start_time_seconds": "1687968988",
        "python_version": "3.7.0 (v3.7.0:1bf9cc5093, Jun 27 2018, 04:59:51) [MSC v.1914 64 bit (AMD64)]",
        "command_line_arguments": "C:\\Users\\mateu\\Documents\\GitHub\\ML-Agents-Space-Ship\\venv\\Scripts\\mlagents-learn config\\moveToGoal.yaml --run-id=TestParams --resume",
        "mlagents_version": "0.28.0",
        "mlagents_envs_version": "0.28.0",
        "communication_protocol_version": "1.5.0",
        "pytorch_version": "1.7.1+cu110",
        "numpy_version": "1.21.6",
        "end_time_seconds": "1687969143"
    },
    "total": 154.75330000000002,
    "count": 1,
    "self": 0.002832600000004959,
    "children": {
        "run_training.setup": {
            "total": 0.0525639,
            "count": 1,
            "self": 0.0525639
        },
        "TrainerController.start_learning": {
            "total": 154.69790350000002,
            "count": 1,
            "self": 0.09446959999971227,
            "children": {
                "TrainerController._reset_env": {
                    "total": 5.0404611,
                    "count": 1,
                    "self": 5.0404611
                },
                "TrainerController.advance": {
                    "total": 149.52712090000034,
                    "count": 6572,
                    "self": 0.08237660000091296,
                    "children": {
                        "env_step": {
                            "total": 50.92974279999987,
                            "count": 6572,
                            "self": 39.53107610000065,
                            "children": {
                                "SubprocessEnvManager._take_step": {
                                    "total": 11.345650599999258,
                                    "count": 6572,
                                    "self": 0.26751339999960955,
                                    "children": {
                                        "TorchPolicy.evaluate": {
                                            "total": 11.078137199999649,
                                            "count": 5987,
                                            "self": 4.841855099999693,
                                            "children": {
                                                "TorchPolicy.sample_actions": {
                                                    "total": 6.236282099999956,
                                                    "count": 5987,
                                                    "self": 6.236282099999956
                                                }
                                            }
                                        }
                                    }
                                },
                                "workers": {
                                    "total": 0.0530160999999687,
                                    "count": 6571,
                                    "self": 0.0,
                                    "children": {
                                        "worker_root": {
                                            "total": 141.24005990000015,
                                            "count": 6571,
                                            "is_parallel": true,
                                            "self": 115.81939149999988,